timestamp	loadavg	memory	temperature	processes
2026-08-02T00:47:23+08:00	5.12 3.52 2.16 7/1737 342888	MemTotal:=16018340 MemAvailable:=4605924 	thermal_zone0=55531 thermal_zone1=54062 thermal_zone2=54500 thermal_zone3=54406 thermal_zone4=54000 thermal_zone5=55000 thermal_zone6=55343 thermal_zone7=54437 thermal_zone8=55687 	 342002 map_server       4.5 44548; 342006 phase2_fake_bas 15.9 60244; 342008 planner_server   5.1 74736; 342010 controller_serv  6.6 46960; 342025 bt_navigator     7.3 36140;
2026-08-02T00:47:24+08:00	5.12 3.52 2.16 3/1737 342937	MemTotal:=16018340 MemAvailable:=4578144 	thermal_zone0=55812 thermal_zone1=54125 thermal_zone2=54562 thermal_zone3=54531 thermal_zone4=54156 thermal_zone5=55125 thermal_zone6=55437 thermal_zone7=54468 thermal_zone8=55875 	 342002 map_server       4.5 44548; 342006 phase2_fake_bas 15.9 60244; 342008 planner_server   5.1 74736; 342010 controller_serv  6.6 46960; 342025 bt_navigator     7.3 36140;
2026-08-02T00:47:25+08:00	5.12 3.52 2.16 7/1755 343008	MemTotal:=16018340 MemAvailable:=4535772 	thermal_zone0=55968 thermal_zone1=54062 thermal_zone2=54562 thermal_zone3=54562 thermal_zone4=54156 thermal_zone5=55062 thermal_zone6=55343 thermal_zone7=54500 thermal_zone8=56250 	 342002 map_server       4.5 44548; 342006 phase2_fake_bas 15.9 60244; 342008 planner_server   5.1 74736; 342010 controller_serv  6.6 46960; 342025 bt_navigator     7.3 36140;
2026-08-02T00:47:27+08:00	5.12 3.52 2.16 5/1752 343061	MemTotal:=16018340 MemAvailable:=4532672 	thermal_zone0=55968 thermal_zone1=54062 thermal_zone2=54375 thermal_zone3=54531 thermal_zone4=54062 thermal_zone5=55125 thermal_zone6=55406 thermal_zone7=54375 thermal_zone8=55562 	 342002 map_server       4.5 44548; 342006 phase2_fake_bas 15.9 60244; 342008 planner_server   5.2 74736; 342010 controller_serv  6.7 46960; 342025 bt_navigator     7.3 36140;
2026-08-02T00:47:28+08:00	5.19 3.56 2.18 4/1752 343097	MemTotal:=16018340 MemAvailable:=4525708 	thermal_zone0=55937 thermal_zone1=54281 thermal_zone2=54437 thermal_zone3=54562 thermal_zone4=54218 thermal_zone5=55218 thermal_zone6=55343 thermal_zone7=54375 thermal_zone8=55718 	 342002 map_server       4.5 44600; 342006 phase2_fake_bas 15.8 60244; 342008 planner_server   5.2 74788; 342010 controller_serv  6.7 47012; 342025 bt_navigator     7.3 36192;
2026-08-02T00:47:29+08:00	5.19 3.56 2.18 3/1745 343135	MemTotal:=16018340 MemAvailable:=4445920 	thermal_zone0=55781 thermal_zone1=54125 thermal_zone2=54531 thermal_zone3=54500 thermal_zone4=54093 thermal_zone5=55000 thermal_zone6=55375 thermal_zone7=54437 thermal_zone8=56031 	 342002 map_server       4.5 44600; 342006 phase2_fake_bas 15.8 60296; 342008 planner_server   5.2 139144; 342010 controller_serv  6.8 48064; 342025 bt_navigator     7.4 38240;
2026-08-02T00:47:30+08:00	5.19 3.56 2.18 12/1745 343171	MemTotal:=16018340 MemAvailable:=4441172 	thermal_zone0=55718 thermal_zone1=54250 thermal_zone2=54468 thermal_zone3=54656 thermal_zone4=54125 thermal_zone5=55125 thermal_zone6=55562 thermal_zone7=54406 thermal_zone8=55593 	 342002 map_server       4.5 44600; 342006 phase2_fake_bas 15.8 60296; 342008 planner_server   5.3 139200; 342010 controller_serv  7.0 48064; 342025 bt_navigator     7.5 38240;
2026-08-02T00:47:31+08:00	5.19 3.56 2.18 7/1748 343225	MemTotal:=16018340 MemAvailable:=4433420 	thermal_zone0=55687 thermal_zone1=54062 thermal_zone2=54562 thermal_zone3=54562 thermal_zone4=54187 thermal_zone5=55093 thermal_zone6=55562 thermal_zone7=54375 thermal_zone8=55875 	 342002 map_server       4.5 44600; 342006 phase2_fake_bas 15.9 60296; 342008 planner_server   5.3 139228; 342010 controller_serv  7.2 48064; 342025 bt_navigator     7.6 38240;
2026-08-02T00:47:32+08:00	5.19 3.56 2.18 20/1745 343281	MemTotal:=16018340 MemAvailable:=4426868 	thermal_zone0=56062 thermal_zone1=54031 thermal_zone2=55031 thermal_zone3=54906 thermal_zone4=54375 thermal_zone5=55125 thermal_zone6=55468 thermal_zone7=54687 thermal_zone8=55937 	 342002 map_server       4.5 44600; 342006 phase2_fake_bas 15.9 60296; 342008 planner_server   5.3 139228; 342010 controller_serv  7.4 48064; 342025 bt_navigator     7.8 38240;
2026-08-02T00:47:33+08:00	5.34 3.62 2.21 3/1744 343317	MemTotal:=16018340 MemAvailable:=4661332 	thermal_zone0=55875 thermal_zone1=54312 thermal_zone2=54593 thermal_zone3=54718 thermal_zone4=54406 thermal_zone5=55062 thermal_zone6=55500 thermal_zone7=54625 thermal_zone8=56187 	 342002 map_server       4.5 44600; 342006 phase2_fake_bas 15.9 60296; 342008 planner_server   5.4 139240; 342010 controller_serv  7.5 48064; 342025 bt_navigator     7.9 38240;
2026-08-02T00:47:35+08:00	5.34 3.62 2.21 4/1744 343353	MemTotal:=16018340 MemAvailable:=4654908 	thermal_zone0=55718 thermal_zone1=54062 thermal_zone2=54343 thermal_zone3=54531 thermal_zone4=54156 thermal_zone5=55125 thermal_zone6=55468 thermal_zone7=54531 thermal_zone8=55625 	 342002 map_server       4.5 44600; 342006 phase2_fake_bas 16.0 60296; 342008 planner_server   5.4 139256; 342010 controller_serv  7.7 48064; 342025 bt_navigator     8.0 38240;
2026-08-02T00:47:36+08:00	5.34 3.62 2.21 5/1754 343414	MemTotal:=16018340 MemAvailable:=4652940 	thermal_zone0=55906 thermal_zone1=54156 thermal_zone2=54406 thermal_zone3=54687 thermal_zone4=54281 thermal_zone5=55031 thermal_zone6=55406 thermal_zone7=54468 thermal_zone8=55656 	 342002 map_server       4.4 44600; 342006 phase2_fake_bas 15.8 60296; 342008 planner_server   5.4 139264; 342010 controller_serv  7.8 48064; 342025 bt_navigator     8.0 38240;
2026-08-02T00:47:37+08:00	5.34 3.62 2.21 3/1751 343470	MemTotal:=16018340 MemAvailable:=4651956 	thermal_zone0=55812 thermal_zone1=54093 thermal_zone2=54312 thermal_zone3=54687 thermal_zone4=54218 thermal_zone5=54968 thermal_zone6=55375 thermal_zone7=54437 thermal_zone8=56093 	 342002 map_server       4.4 44600; 342006 phase2_fake_bas 15.9 60296; 342008 planner_server   5.4 139284; 342010 controller_serv  8.0 48064; 342025 bt_navigator     8.1 38240;
2026-08-02T00:47:38+08:00	5.31 3.64 2.22 15/1750 343507	MemTotal:=16018340 MemAvailable:=4650952 	thermal_zone0=55625 thermal_zone1=54000 thermal_zone2=54406 thermal_zone3=54656 thermal_zone4=54187 thermal_zone5=55218 thermal_zone6=55687 thermal_zone7=54406 thermal_zone8=55656 	 342002 map_server       4.4 44600; 342006 phase2_fake_bas 15.9 60296; 342008 planner_server   5.5 139292; 342010 controller_serv  8.2 48064; 342025 bt_navigator     8.2 38240;
2026-08-02T00:47:39+08:00	5.31 3.64 2.22 5/1758 343551	MemTotal:=16018340 MemAvailable:=4663600 	thermal_zone0=55656 thermal_zone1=54062 thermal_zone2=54343 thermal_zone3=54625 thermal_zone4=54218 thermal_zone5=54968 thermal_zone6=55343 thermal_zone7=54437 thermal_zone8=55812 	 342002 map_server       4.4 44600; 342006 phase2_fake_bas 16.0 60296; 342008 planner_server   5.5 139300; 342010 controller_serv  8.4 48064; 342025 bt_navigator     8.3 38240;
2026-08-02T00:47:40+08:00	5.31 3.64 2.22 17/1761 343592	MemTotal:=16018340 MemAvailable:=4660608 	thermal_zone0=55625 thermal_zone1=54093 thermal_zone2=54531 thermal_zone3=54500 thermal_zone4=54250 thermal_zone5=55187 thermal_zone6=55437 thermal_zone7=54500 thermal_zone8=55812 	 342002 map_server       4.4 44600; 342006 phase2_fake_bas 16.0 60296; 342008 planner_server   5.5 139308; 342010 controller_serv  8.6 48064; 342025 bt_navigator     8.4 38240;
2026-08-02T00:47:41+08:00	5.31 3.64 2.22 5/1759 343660	MemTotal:=16018340 MemAvailable:=4671156 	thermal_zone0=55593 thermal_zone1=54125 thermal_zone2=54625 thermal_zone3=54625 thermal_zone4=54187 thermal_zone5=55062 thermal_zone6=55468 thermal_zone7=54562 thermal_zone8=55968 	 342002 map_server       4.4 44600; 342006 phase2_fake_bas 16.0 60296; 342008 planner_server   5.6 139316; 342010 controller_serv  8.8 48064; 342025 bt_navigator     8.5 38240;
2026-08-02T00:47:43+08:00	5.21 3.65 2.23 13/1759 343696	MemTotal:=16018340 MemAvailable:=4669756 	thermal_zone0=55656 thermal_zone1=54093 thermal_zone2=54562 thermal_zone3=54562 thermal_zone4=54156 thermal_zone5=55156 thermal_zone6=55437 thermal_zone7=54531 thermal_zone8=55593 	 342002 map_server       4.4 44600; 342006 phase2_fake_bas 16.1 60296; 342008 planner_server   5.6 139324; 342010 controller_serv  9.0 48064; 342025 bt_navigator     8.6 38240;
2026-08-02T00:47:44+08:00	5.21 3.65 2.23 7/1759 343732	MemTotal:=16018340 MemAvailable:=4666520 	thermal_zone0=55656 thermal_zone1=54250 thermal_zone2=54343 thermal_zone3=54593 thermal_zone4=54187 thermal_zone5=55093 thermal_zone6=55437 thermal_zone7=54531 thermal_zone8=55593 	 342002 map_server       4.4 44600; 342006 phase2_fake_bas 16.1 60296; 342008 planner_server   5.6 139336; 342010 controller_serv  9.1 48064; 342025 bt_navigator     8.7 38240;
2026-08-02T00:47:45+08:00	5.21 3.65 2.23 5/1759 343768	MemTotal:=16018340 MemAvailable:=4662748 	thermal_zone0=55687 thermal_zone1=54093 thermal_zone2=54500 thermal_zone3=54500 thermal_zone4=54156 thermal_zone5=55125 thermal_zone6=55500 thermal_zone7=54437 thermal_zone8=55656 	 342002 map_server       4.4 44600; 342006 phase2_fake_bas 16.0 60296; 342008 planner_server   5.6 139336; 342010 controller_serv  9.2 48064; 342025 bt_navigator     8.7 38240;
2026-08-02T00:47:46+08:00	5.21 3.65 2.23 5/1755 343822	MemTotal:=16018340 MemAvailable:=4661784 	thermal_zone0=55625 thermal_zone1=54062 thermal_zone2=54437 thermal_zone3=54812 thermal_zone4=54062 thermal_zone5=55093 thermal_zone6=55437 thermal_zone7=54593 thermal_zone8=55781 	 342002 map_server       4.4 44600; 342006 phase2_fake_bas 16.0 60296; 342008 planner_server   5.6 139348; 342010 controller_serv  9.3 48064; 342025 bt_navigator     8.8 38240;
2026-08-02T00:47:47+08:00	5.21 3.65 2.23 2/1752 343878	MemTotal:=16018340 MemAvailable:=4657492 	thermal_zone0=55843 thermal_zone1=54125 thermal_zone2=54468 thermal_zone3=54468 thermal_zone4=54312 thermal_zone5=54968 thermal_zone6=55343 thermal_zone7=54468 thermal_zone8=55718 	 342002 map_server       4.4 44600; 342006 phase2_fake_bas 16.0 60296; 342008 planner_server   5.6 139356; 342010 controller_serv  9.5 48064; 342025 bt_navigator     8.9 38240;
2026-08-02T00:47:48+08:00	5.27 3.69 2.25 5/1752 343914	MemTotal:=16018340 MemAvailable:=4652960 	thermal_zone0=55562 thermal_zone1=54062 thermal_zone2=54500 thermal_zone3=54531 thermal_zone4=54125 thermal_zone5=55187 thermal_zone6=55531 thermal_zone7=54468 thermal_zone8=55687 	 342002 map_server       4.4 44600; 342006 phase2_fake_bas 16.1 60296; 342008 planner_server   5.7 139360; 342010 controller_serv  9.7 48064; 342025 bt_navigator     9.0 38240;
2026-08-02T00:47:49+08:00	5.27 3.69 2.25 6/1744 343950	MemTotal:=16018340 MemAvailable:=4645460 	thermal_zone0=55687 thermal_zone1=54156 thermal_zone2=54437 thermal_zone3=54875 thermal_zone4=54218 thermal_zone5=55031 thermal_zone6=55437 thermal_zone7=54562 thermal_zone8=55906 	 342002 map_server       4.4 44600; 342006 phase2_fake_bas 16.1 60296; 342008 planner_server   5.7 139360; 342010 controller_serv  9.8 48064; 342025 bt_navigator     9.0 38240;
2026-08-02T00:47:50+08:00	5.27 3.69 2.25 7/1747 344004	MemTotal:=16018340 MemAvailable:=4639740 	thermal_zone0=55687 thermal_zone1=54031 thermal_zone2=54500 thermal_zone3=54750 thermal_zone4=54125 thermal_zone5=55093 thermal_zone6=55375 thermal_zone7=54500 thermal_zone8=55656 	 342002 map_server       4.4 44600; 342006 phase2_fake_bas 16.1 60296; 342008 planner_server   5.7 139360; 342010 controller_serv 10.0 48064; 342025 bt_navigator     9.1 38240;
2026-08-02T00:47:52+08:00	5.27 3.69 2.25 4/1744 344060	MemTotal:=16018340 MemAvailable:=4635732 	thermal_zone0=55562 thermal_zone1=54062 thermal_zone2=54500 thermal_zone3=54562 thermal_zone4=54281 thermal_zone5=55187 thermal_zone6=55562 thermal_zone7=54437 thermal_zone8=55750 	 342002 map_server       4.4 44600; 342006 phase2_fake_bas 16.1 60296; 342008 planner_server   5.8 139372; 342010 controller_serv 10.1 48064; 342025 bt_navigator     9.2 38240;
2026-08-02T00:47:53+08:00	5.09 3.67 2.26 5/1744 344096	MemTotal:=16018340 MemAvailable:=4628976 	thermal_zone0=55593 thermal_zone1=54031 thermal_zone2=54375 thermal_zone3=54625 thermal_zone4=54187 thermal_zone5=55062 thermal_zone6=55500 thermal_zone7=54593 thermal_zone8=55625 	 342002 map_server       4.3 44600; 342006 phase2_fake_bas 16.0 60296; 342008 planner_server   5.7 139376; 342010 controller_serv 10.1 48064; 342025 bt_navigator     9.2 38240;
2026-08-02T00:47:54+08:00	5.09 3.67 2.26 2/1745 344134	MemTotal:=16018340 MemAvailable:=4624780 	thermal_zone0=55968 thermal_zone1=54031 thermal_zone2=54437 thermal_zone3=54687 thermal_zone4=54218 thermal_zone5=55218 thermal_zone6=55593 thermal_zone7=54531 thermal_zone8=55812 	 342002 map_server       4.3 44600; 342006 phase2_fake_bas 16.1 60296; 342008 planner_server   5.8 139384; 342010 controller_serv 10.3 48064; 342025 bt_navigator     9.3 38240;
2026-08-02T00:47:55+08:00	5.09 3.67 2.26 3/1745 344170	MemTotal:=16018340 MemAvailable:=4621300 	thermal_zone0=55531 thermal_zone1=53937 thermal_zone2=54218 thermal_zone3=54562 thermal_zone4=54125 thermal_zone5=55093 thermal_zone6=55468 thermal_zone7=54531 thermal_zone8=55625 	 342002 map_server       4.3 44600; 342006 phase2_fake_bas 16.1 60296; 342008 planner_server   5.8 139388; 342010 controller_serv 10.4 48064; 342025 bt_navigator     9.4 38240;
2026-08-02T00:47:56+08:00	5.09 3.67 2.26 9/1747 344224	MemTotal:=16018340 MemAvailable:=4611220 	thermal_zone0=55687 thermal_zone1=54406 thermal_zone2=54500 thermal_zone3=54687 thermal_zone4=54218 thermal_zone5=55093 thermal_zone6=55593 thermal_zone7=54500 thermal_zone8=55781 	 342002 map_server       4.3 44600; 342006 phase2_fake_bas 16.1 60296; 342008 planner_server   5.8 139392; 342010 controller_serv 10.5 48064; 342025 bt_navigator     9.4 38240;
2026-08-02T00:47:57+08:00	5.09 3.67 2.26 4/1744 344280	MemTotal:=16018340 MemAvailable:=4616964 	thermal_zone0=55718 thermal_zone1=54125 thermal_zone2=54593 thermal_zone3=54593 thermal_zone4=54250 thermal_zone5=55093 thermal_zone6=55468 thermal_zone7=54687 thermal_zone8=55750 	 342002 map_server       4.3 44600; 342006 phase2_fake_bas 16.1 60296; 342008 planner_server   5.8 139396; 342010 controller_serv 10.7 48064; 342025 bt_navigator     9.5 38240;
2026-08-02T00:47:58+08:00	5.16 3.71 2.28 4/1744 344316	MemTotal:=16018340 MemAvailable:=4611728 	thermal_zone0=55750 thermal_zone1=54062 thermal_zone2=54593 thermal_zone3=54625 thermal_zone4=54187 thermal_zone5=55156 thermal_zone6=55531 thermal_zone7=54687 thermal_zone8=55843 	 342002 map_server       4.3 44600; 342006 phase2_fake_bas 16.2 60296; 342008 planner_server   5.9 139400; 342010 controller_serv 10.8 48064; 342025 bt_navigator     9.6 38240;
2026-08-02T00:47:59+08:00	5.16 3.71 2.28 4/1745 344353	MemTotal:=16018340 MemAvailable:=4607756 	thermal_zone0=55593 thermal_zone1=54406 thermal_zone2=54468 thermal_zone3=54687 thermal_zone4=54406 thermal_zone5=55093 thermal_zone6=55437 thermal_zone7=54593 thermal_zone8=55968 	 342002 map_server       4.3 44600; 342006 phase2_fake_bas 16.2 60296; 342008 planner_server   5.9 139404; 342010 controller_serv 10.9 48064; 342025 bt_navigator     9.7 38240;
2026-08-02T00:48:01+08:00	5.16 3.71 2.28 2/1748 344407	MemTotal:=16018340 MemAvailable:=4605236 	thermal_zone0=55656 thermal_zone1=54156 thermal_zone2=54562 thermal_zone3=54562 thermal_zone4=54250 thermal_zone5=55062 thermal_zone6=55406 thermal_zone7=54500 thermal_zone8=55593 	 342002 map_server       4.3 44600; 342006 phase2_fake_bas 16.2 60296; 342008 planner_server   5.9 139412; 342010 controller_serv 11.1 48064; 342025 bt_navigator     9.7 38240;
2026-08-02T00:48:02+08:00	5.16 3.71 2.28 2/1745 344463	MemTotal:=16018340 MemAvailable:=4599952 	thermal_zone0=55812 thermal_zone1=54562 thermal_zone2=54531 thermal_zone3=54593 thermal_zone4=54187 thermal_zone5=55187 thermal_zone6=55500 thermal_zone7=54500 thermal_zone8=55687 	 342002 map_server       4.3 44600; 342006 phase2_fake_bas 16.1 60296; 342008 planner_server   5.9 139412; 342010 controller_serv 11.1 48064; 342025 bt_navigator     9.7 38240;
2026-08-02T00:48:03+08:00	4.99 3.70 2.28 3/1745 344499	MemTotal:=16018340 MemAvailable:=4596676 	thermal_zone0=55562 thermal_zone1=53968 thermal_zone2=54500 thermal_zone3=54593 thermal_zone4=54187 thermal_zone5=55218 thermal_zone6=55625 thermal_zone7=54437 thermal_zone8=55656 	 342002 map_server       4.3 44600; 342006 phase2_fake_bas 16.1 60296; 342008 planner_server   5.9 139416; 342010 controller_serv 11.2 48064; 342025 bt_navigator     9.8 38240;
2026-08-02T00:48:04+08:00	4.99 3.70 2.28 5/1753 344543	MemTotal:=16018340 MemAvailable:=4592400 	thermal_zone0=55437 thermal_zone1=54156 thermal_zone2=54343 thermal_zone3=54656 thermal_zone4=54375 thermal_zone5=55062 thermal_zone6=55343 thermal_zone7=54531 thermal_zone8=55843 	 342002 map_server       4.3 44600; 342006 phase2_fake_bas 16.2 60296; 342008 planner_server   5.9 139416; 342010 controller_serv 11.3 48064; 342025 bt_navigator     9.8 38240;
2026-08-02T00:48:05+08:00	4.99 3.70 2.28 16/1753 344579	MemTotal:=16018340 MemAvailable:=4588896 	thermal_zone0=55656 thermal_zone1=54000 thermal_zone2=54500 thermal_zone3=54562 thermal_zone4=54187 thermal_zone5=55031 thermal_zone6=55656 thermal_zone7=54593 thermal_zone8=55625 	 342002 map_server       4.3 44600; 342006 phase2_fake_bas 16.2 60296; 342008 planner_server   5.9 139420; 342010 controller_serv 11.4 48064; 342025 bt_navigator     9.9 38240;
2026-08-02T00:48:06+08:00	4.99 3.70 2.28 4/1763 344640	MemTotal:=16018340 MemAvailable:=4582360 	thermal_zone0=55843 thermal_zone1=53968 thermal_zone2=54531 thermal_zone3=54562 thermal_zone4=54187 thermal_zone5=55156 thermal_zone6=55562 thermal_zone7=54500 thermal_zone8=55812 	 342002 map_server       4.3 44600; 342006 phase2_fake_bas 16.2 60296; 342008 planner_server   6.0 139420; 342010 controller_serv 11.6 48064; 342025 bt_navigator    10.0 38240;
2026-08-02T00:48:07+08:00	4.99 3.70 2.28 9/1759 344696	MemTotal:=16018340 MemAvailable:=4579992 	thermal_zone0=55812 thermal_zone1=54031 thermal_zone2=54562 thermal_zone3=54562 thermal_zone4=54312 thermal_zone5=55062 thermal_zone6=55406 thermal_zone7=54500 thermal_zone8=55937 	 342002 map_server       4.3 44600; 342006 phase2_fake_bas 16.2 60296; 342008 planner_server   6.0 139428; 342010 controller_serv 11.7 48064; 342025 bt_navigator    10.0 38240;
2026-08-02T00:48:08+08:00	4.83 3.69 2.28 4/1759 344733	MemTotal:=16018340 MemAvailable:=4573712 	thermal_zone0=55625 thermal_zone1=54187 thermal_zone2=54625 thermal_zone3=54718 thermal_zone4=54281 thermal_zone5=55062 thermal_zone6=55562 thermal_zone7=54500 thermal_zone8=55687 	 342002 map_server       4.3 44600; 342006 phase2_fake_bas 16.2 60296; 342008 planner_server   6.0 139428; 342010 controller_serv 11.8 48064; 342025 bt_navigator    10.1 38240;
2026-08-02T00:48:10+08:00	4.83 3.69 2.28 4/1759 344769	MemTotal:=16018340 MemAvailable:=4569684 	thermal_zone0=55937 thermal_zone1=54031 thermal_zone2=54343 thermal_zone3=54656 thermal_zone4=54312 thermal_zone5=55031 thermal_zone6=55468 thermal_zone7=54500 thermal_zone8=55750 	 342002 map_server       4.3 44600; 342006 phase2_fake_bas 16.3 60296; 342008 planner_server   6.0 139432; 342010 controller_serv 11.9 48064; 342025 bt_navigator    10.2 38240;
2026-08-02T00:48:11+08:00	4.83 3.69 2.28 4/1760 344822	MemTotal:=16018340 MemAvailable:=4566420 	thermal_zone0=55718 thermal_zone1=54062 thermal_zone2=54531 thermal_zone3=54656 thermal_zone4=54187 thermal_zone5=55312 thermal_zone6=55562 thermal_zone7=54406 thermal_zone8=55750 	 342002 map_server       4.3 44600; 342006 phase2_fake_bas 16.2 60296; 342008 planner_server   6.0 139432; 342010 controller_serv 11.8 48428; 342025 bt_navigator    10.1 36728;
2026-08-02T00:48:12+08:00	4.83 3.69 2.28 3/1757 344877	MemTotal:=16018340 MemAvailable:=4558364 	thermal_zone0=55593 thermal_zone1=54062 thermal_zone2=54437 thermal_zone3=54437 thermal_zone4=54218 thermal_zone5=55062 thermal_zone6=55468 thermal_zone7=54437 thermal_zone8=55875 	 342002 map_server       4.3 44600; 342006 phase2_fake_bas 16.2 60296; 342008 planner_server   6.0 139432; 342010 controller_serv 11.8 48428; 342025 bt_navigator    10.1 36728;
2026-08-02T00:48:13+08:00	4.52 3.64 2.28 3/1757 344912	MemTotal:=16018340 MemAvailable:=4554588 	thermal_zone0=55531 thermal_zone1=54062 thermal_zone2=54562 thermal_zone3=54468 thermal_zone4=54187 thermal_zone5=55156 thermal_zone6=55593 thermal_zone7=54437 thermal_zone8=55843 	 342002 map_server       4.3 44600; 342006 phase2_fake_bas 16.2 60296; 342008 planner_server   6.0 139432; 342010 controller_serv 11.8 48428; 342025 bt_navigator    10.1 36728;
2026-08-02T00:48:14+08:00	4.52 3.64 2.28 2/1748 344947	MemTotal:=16018340 MemAvailable:=4679768 	thermal_zone0=55843 thermal_zone1=54406 thermal_zone2=54406 thermal_zone3=54687 thermal_zone4=54218 thermal_zone5=55000 thermal_zone6=55437 thermal_zone7=54500 thermal_zone8=55812 	 342002 map_server       4.3 44600; 342006 phase2_fake_bas 16.2 60296; 342008 planner_server   6.0 139432; 342010 controller_serv 11.7 48428; 342025 bt_navigator    10.1 36728;
