workspace,nodes_file,edges_file,manifest,schema_or_identity,node_count,edge_count,trajectory_files,associated_database,associated_database_sha256,coordinate_semantic,min_x,max_x,min_y,max_y,centroid_x,centroid_y,metadata
plan_nav/underGround_split1,plan_nav/underGround_split1/nodes.txt,plan_nav/underGround_split1/edges.txt,plan_nav/underGround_split1/topology_manifest.json,"schema 2; topology sha256:f442d23e8f0a3e58a4fbcfe412e6bc3a0c9c997a035a8a7cd31c057319a712e0",20,11,14,plan_nav/underGround_split1.db,fad4289c19c71d0f2ddecfc8a593d16b52440d6afd67bb9a430c2a76c862f17b,raw RTAB Node.pose odometry,0.8461,4.2814,-50.0845,-2.0429,2.8686,-32.0446,"DB stamps 1778851588.592..1778852034.993; topology migration p3b1"
plan_nav07202900/plan_nav/underGround_split1,plan_nav07202900/plan_nav/underGround_split1/nodes.txt,plan_nav07202900/plan_nav/underGround_split1/edges.txt,NONE,legacy positional edge identity,20,11,14,plan_nav07202900/plan_nav/underGround_split1.db,fad4289c19c71d0f2ddecfc8a593d16b52440d6afd67bb9a430c2a76c862f17b,raw RTAB Node.pose odometry,0.8461,4.2814,-50.0845,-2.0429,2.8686,-32.0446,historical duplicate
plan_nav07202900/plan_nav2/plan_nav/underGround_split1,plan_nav07202900/plan_nav2/plan_nav/underGround_split1/nodes.txt,plan_nav07202900/plan_nav2/plan_nav/underGround_split1/edges.txt,NONE,legacy positional edge identity,20,11,14,plan_nav07202900/plan_nav2/plan_nav/underGround_split1.db,fad4289c19c71d0f2ddecfc8a593d16b52440d6afd67bb9a430c2a76c862f17b,raw RTAB Node.pose odometry,0.8461,4.2814,-50.0845,-2.0429,2.8686,-32.0446,historical duplicate
map/采集/图书馆2,map/采集/图书馆2/nodes.txt,map/采集/图书馆2/edges.txt,NONE,legacy positional edge identity,9,6,6,map/采集/图书馆2.db,73788305089e9ceb302ae8a68c3164ca35e2e1cd985458b755eeedee5efadaed,raw RTAB Node.pose odometry,4.2936,84.1164,-0.0560,30.6745,41.3437,16.4993,"DB byte-identical to canonical; stamps 1784709826.780..1784711221.231"
map/采集/大厅,map/采集/大厅/nodes.txt,MISSING,NONE,no route identity,4,0,0,map/采集/大厅.db,d07cbff9dd318f02e34184e678cf82451278d0a42a50ce4fea0896b412bedea6,raw RTAB Node.pose odometry,0.9734,7.4153,0.1571,0.8034,4.0630,0.5096,no edge file
map/采集/大厅2,map/采集/大厅2/nodes.txt,map/采集/大厅2/edges.txt,NONE,legacy positional edge identity,5,8,36,map/采集/大厅2.db,64cdd33e561f26e2ed2dbba5d10182b515278371e7b42fa70ee645795f5990b2,raw RTAB Node.pose odometry,3.9586,9.1944,0.7261,7.0918,6.0445,3.6668,different database
map/采集/大厅3,map/采集/大厅3/nodes.txt,map/采集/大厅3/edges.txt,NONE,legacy positional edge identity,7,8,15,map/采集/大厅3.db,676bb2ca4d02756e8581c0b1b2a63dba78264018390bc0f4640a238c3abad735,raw RTAB Node.pose odometry,3.0750,7.9340,0.0292,6.4442,6.1839,3.4570,different database
map/采集/大厅直线,map/采集/大厅直线/nodes.txt,map/采集/大厅直线/edges.txt,NONE,legacy positional edge identity,2,1,1,map/采集/大厅直线.db,d5b64ee235cc6eea15faaaa933ae491961a9e3532d8b6465ed059344b819ef88,raw RTAB Node.pose odometry,0.9481,5.7420,0.1067,0.7478,3.3451,0.4273,different database
map/rtabmap_2d,map/rtabmap_2d/nodes.txt,map/rtabmap_2d/edges.txt,map/rtabmap_2d/topology_manifest.json,"schema 2; topology sha256:f8bd2b688ce827446ea88f42f19777f97c918c2dc1832091fa9b379a85000d70",9,6,6,map/rtabmap_2d.db,73788305089e9ceb302ae8a68c3164ca35e2e1cd985458b755eeedee5efadaed,canonical optimized map frame via audited SE(2),4.2337,84.0201,-0.3006,30.6320,41.1143,16.1840,"new non-overwriting canonical sibling workspace; reconciliation manifest present"
