Category	Component / executable	Source file	Defined where	Condition / trigger	Input topic(s)	Output / transport	Message type	Count defined	Max simultaneously active	Physical motion possible?	Collision Monitor affects this path?	YDLIDAR safety active?	Classification / correction	Evidence
nav_msgs/Path publisher	plan_nav PlanPublisher thread	plan_nav/core/nav_publisher.py	plan_nav/ui/main_window.py operation mode path	python3 plan_nav/main.py -> MainWindow; operation mode starts PlanPublisher; selected route plus current pose required for non-empty publication	route trajectory + current pose	/plan_nav	nav_msgs/Path	1	1	No, path only	No	No	plan_nav is a ROS Path publisher when operation mode is active; main.py invokes GUI chain, publisher is created in nav_publisher.py	main.py:27-30; main_window.py:1126-1133,1164-1171,1186-1190,880-883; nav_publisher.py:140-159,182-190
nav_msgs/Path publisher	plan_nav_laser_avoidance.py	src/robot_bringup/scripts/plan_nav_laser_avoidance.py	src/robot_bringup/launch/bringup_2d.launch.py	Only if enable_laser_avoidance=true	/plan_nav + /scan	/active_plan	nav_msgs/Path	1	1	Indirect only through Pure Pursuit and manual wheelchair_controller	No	Yes, path modulation from /scan	Confirmed active in bringup_2d default	bringup_2d.launch.py:58,416-451,568; plan_nav_laser_avoidance.py:157-165,192-299,465-475
nav_msgs/Path publisher	pure_pursuit future path	src/wheelchair_controller/src/pure_pursuit_controller.cpp	src/robot_bringup/launch/bringup_2d.launch.py	One Pure Pursuit instance active depending on enable_laser_avoidance	/active_plan or /plan_nav	/path_future	nav_msgs/Path	2 launch definitions	1	Debug/display only	No	Inherits active/no active branch	Display publisher, not command authority	pure_pursuit_controller.cpp:58,398-405; bringup_2d.launch.py:376-414,568-570
nav_msgs/Path publisher	path_publisher.py	src/robot_bringup/scripts/path_publisher.py	src/robot_bringup/launch/offline_avoidance.launch.py	Offline avoidance launch only	database/path YAML	/mapping_path	nav_msgs/Path	1	1	No, RViz display path	No	No	Offline display publisher only	path_publisher.py:15-24,74-77; offline_avoidance.launch.py:140-152
geometry_msgs/Twist publisher	Nav2 controller_server MPPI	system nav2_controller via nav2_bringup	src/robot_bringup/launch/bringup.launch.py and bringup_2d.launch.py	mode=navigation; SetRemap /cmd_vel to /cmd_vel_nav	Nav2 plan/costmaps	/cmd_vel_nav	geometry_msgs/Twist	1 per Nav2 launch	1 per launch	Not by itself; no direct chassis subscriber	Only if Collision Monitor is active in same chain	No	Nav2 speed source, but no direct CAN path	bringup.launch.py:216-235; bringup_2d.launch.py:355-374; nav2_common.yaml:62-99
geometry_msgs/Twist publisher	Collision Monitor	nav2_collision_monitor system node	src/robot_bringup/launch/bringup.launch.py	mode=navigation; added to LaunchDescription	/cmd_vel_nav	/cmd_vel	geometry_msgs/Twist	1	1	No in bringup.launch.py because no wheelchair_controller/Pure Pursuit final CAN path	Yes, for /cmd_vel consumers	No	Active in bringup.launch.py navigation	bringup.launch.py:237-290,335-337
geometry_msgs/Twist publisher	Collision Monitor	nav2_collision_monitor system node	src/robot_bringup/launch/bringup_2d.launch.py	Node object exists but ld.add_action is commented	/cmd_vel_nav	/cmd_vel	geometry_msgs/Twist	1 defined	0	No	No, unreachable in this launch	No	Inactive/commented in current 2D live launch; prior audit misread node definition as active	bringup_2d.launch.py:478-531,572-573
std_msgs/Float32MultiArray wheelchair-command publisher	Pure Pursuit with laser avoidance	src/wheelchair_controller/src/pure_pursuit_controller.cpp	src/robot_bringup/launch/bringup_2d.launch.py	enable_laser_avoidance=true	/active_plan + TF + /baselink2map + /cmd_vel subscriber state	/wheelchair_control_command_raw	std_msgs/Float32MultiArray	1	1	Only if wheelchair_controller_node also running	No because Collision Monitor inactive in bringup_2d	Yes, downstream filter active	Default 2D legacy command publisher	pure_pursuit_controller.cpp:44-66,98-120,353-359; bringup_2d.launch.py:376-395,568-571
std_msgs/Float32MultiArray wheelchair-command publisher	Laser command safety filter	src/robot_bringup/scripts/laser_command_safety_filter.py	src/robot_bringup/launch/bringup_2d.launch.py	enable_laser_avoidance=true	/wheelchair_control_command_raw + /scan + /laser_avoidance_state	/wheelchair_control_command	std_msgs/Float32MultiArray	1	1	Only if wheelchair_controller_node also running	No	Yes	Default final ROS chassis-command publisher in 2D laser-avoidance path	laser_command_safety_filter.py:56-61,74-148; bringup_2d.launch.py:453-476,571
std_msgs/Float32MultiArray wheelchair-command publisher	Pure Pursuit without laser avoidance	src/wheelchair_controller/src/pure_pursuit_controller.cpp	src/robot_bringup/launch/bringup_2d.launch.py	enable_laser_avoidance != true	/plan_nav + TF + /baselink2map + /cmd_vel subscriber state	/wheelchair_control_command	std_msgs/Float32MultiArray	1	1	Only if wheelchair_controller_node also running	No because Collision Monitor inactive in bringup_2d	No	Mutually exclusive with laser-avoidance Pure Pursuit branch	pure_pursuit_controller.cpp:44-66,98-120,353-359; bringup_2d.launch.py:397-414,570
direct CAN writer	wheelchair_controller_node	src/wheelchair_controller/src/wheelchair_controller_node.cpp	src/wheelchair_controller/launch/wheelchair_controller.launch.py; manual ros2 run possible	Manual start; default output_transport=can	/wheelchair_control_command	can0 SocketCAN, extended ID 0x801400	CAN frame	1	1	Yes	Shares only if upstream path receives /cmd_vel; current bringup_2d Collision Monitor inactive	Only if upstream filter active	Sole ROS node CAN writer; not launched by robot_bringup bringups	wheelchair_controller_node.cpp:24-66,117-156,226-259,262-309; wheelchair_controller.launch.py:16-28; wheelchair_controller_param.yaml:3,10-18
direct CAN writer	keyboard_can_control.py	scripts/keyboard_can_control.py	manual script only	Manual execution and key input	Keyboard	stdout + can0 SocketCAN	CAN frame	1	1	Yes	No	No	Additional workspace CAN writer outside ROS bringup; prior "only one CAN writer" is only true for ROS node / normal chain, not whole workspace	scripts/keyboard_can_control.py:99-123,140-154,179-187
UDP lower-controller writer	wheelchair_controller_node UDP mode	src/wheelchair_controller/src/wheelchair_controller_node.cpp	Manual start with output_transport=udp	output_transport=udp	/wheelchair_control_command	UDP target_ip:target_port	16-byte two-double payload	1	1	Yes if lower controller listens on UDP	No	Same upstream as selected ROS command path	Alternative transport in same node; no UDP stale watchdog	wheelchair_controller_node.cpp:50-51,97-115,194-223,226-228
UDP lower-controller writer	plan_nav UdpSender	plan_nav/core/udp_sender.py	plan_nav/ui/main_window.py	Manual GUI route selection always calls _start_udp_send(traj)	Selected GUI trajectory	UDP ip:port	16-byte two-double payload	1	1	Possible if old lower UDP controller is present	No	No	Standalone GUI lower-controller UDP writer, separate from ROS /plan_nav publisher	main_window.py:867-879,1267-1287; udp_sender.py:44-93
UDP lower-controller writer	plan_nav/data/udp_send.py	plan_nav/data/udp_send.py	manual script / data helper	Manual execution	Generated data	UDP server address	16-byte double payload	1	1	Possible if manually used	No	No	Helper/test lower-controller UDP writer	plan_nav/data/udp_send.py:12-25
future planned topic	Generic Command Safety Gate	No current implementation	V3.1 authority only	Not implemented	/cmd_vel_nav_safe planned	/vehicle_cmd_safe planned	geometry_msgs/TwistStamped planned	0	0	No current publisher	Not current	No	No current source publisher found	V3.1 authority lines 1369-1492; rg found no current implementation
future planned topic	Wheelchair Command Adapter	No current implementation	V3.1 authority only	Not implemented	/vehicle_cmd_safe planned	/wheelchair_control_command planned	std_msgs/Float32MultiArray planned	0	0	No current publisher	Not current	No	No current source publisher found	V3.1 authority lines 1494-1600; rg found no current implementation
future planned topic	Selected raw/safe Nav2 topics	No current implementation	V3.1 authority only	Not implemented	/cmd_vel_nav_raw planned	/cmd_vel_nav_safe planned	geometry_msgs/Twist planned	0	0	No current publisher using selected names	Not current	No	Current launch uses /cmd_vel_nav and /cmd_vel instead	bringup.launch.py:248-249; bringup_2d.launch.py:489-490; V3.1 authority lines 3142-3153
